"departamento";"Nome_Departamento";"usuario";"Escaninho";"QuantidadeProcessos"
"5010";"Arquivo Contabilidade";"arquivo_contabil";"ARQUIVO LOCAL CONTABILIDADE";"6324"
"5002";"Arquivo Digital";"arquivo";"ARQUIVADO DIGITALMENTE";"594358"
"5011";"Arquivo Execução Fiscal";"arquivo_execucao";"ARQUIVO EXECUÇÃO FISCAL";"347"
"5011";"Arquivo Execução Fiscal";"juntadadocumentos";"JUNTADA DE DOCUMENTOS - EXECUÇÃO FISCAL";"0"
"5012";"Arquivo Termos Parcelamento";"arquivo_termos";"ARQUIVO TERMOS DE PARCELAMENTO";"14158"
"5014";"Arquivo Veracidade Registro";"arquivo_registro";"ARQUIVO LOCAL REGISTRO";"2263"
"5066";"CONFEA";"confea";"ESC. - CONFEA";"127"
"5066";"CONFEA";"esc_plen_confea";"ESC. - RECURSO AO CONFEA";"7"
"5004";"Montagem Física";"processo_fisico";"MONTADO FISICAMENTE";"2314"
"5051";"Requerimentos OnLine";"esc_proc_dilig";"ESC. - ENCAMINHAMENTO DE PROCESSOS EM DILIGENCIA";"811"
"11";"Sede - Acervo";"arquivo_acervo";"ARQUIVO - AGUARDANDO ANEXAR PDF";"0"
"11";"Sede - Acervo";"esc_acervo_agrodefes";"ESC. - ACERVO - AGRODEFESA";"0"
"11";"Sede - Acervo";"esc_boleto_cargofunc";"ESC. - ACERVO - AGUARD. GERAR BOLETO CARGO/FUNÇÃO";"3"
"11";"Sede - Acervo";"esc_pagto_cargofunc";"ESC. - ACERVO - AGUARD. PAGTO BOLETO CARGO/FUNÇÃO";"92"
"11";"Sede - Acervo";"esc_acervo_analise";"ESC. - ACERVO - ANÁLISE DE ART";"45"
"11";"Sede - Acervo";"esc_acervo_certidoes";"ESC. - ACERVO - CERTIDÕES ACERVO";"1"
"11";"Sede - Acervo";"escaninho_dilig";"ESC. - ACERVO - E-MAIL DILIGÊNCIA";"45"
"11";"Sede - Acervo";"esc_acervo_oficios";"ESC. - ACERVO - OFÍCIOS AGUARDANDO AR";"72"
"11";"Sede - Acervo";"esc_acervo_p_arquiv";"ESC. - ACERVO - PARA ARQUIVAMENTO";"16"
"11";"Sede - Acervo";"esc_acervo_env_ofic";"ESC. - ACERVO - PARA ENVIAR OFICIO";"0"
"11";"Sede - Acervo";"acervo_ret_camara";"ESC. - ACERVO - RETORNO CÂMARAS";"4"
"5049";"Sede - Acervo CATs";"emissao_cat";"ESC. - CATS AGUARDANDO EMISSãO";"1"
"5020";"Sede - Acomp. de Infrações";"esc_reenv_mul_mant";"ESC. - AAI -  MULTA MANTIDA - CORRESP REENVIADA";"498"
"5020";"Sede - Acomp. de Infrações";"escaninho_auto_doc";"ESC. - AAI - AUTO - AG. DOCUMENTAÇÃO";"1"
"5020";"Sede - Acomp. de Infrações";"escaninho_cons";"ESC. - AAI - AUTO - AGUARDANDO CONSULTAS";"1606"
"5020";"Sede - Acomp. de Infrações";"escaninho_auto";"ESC. - AAI - AUTO - AGUARDANDO DEFESA";"2348"
"5020";"Sede - Acomp. de Infrações";"escaninho_corresp";"ESC. - AAI - AUTO - CORRESP DEVOLVIDA ";"5018"
"5020";"Sede - Acomp. de Infrações";"escaninho_reenv";"ESC. - AAI - AUTO - CORRESP REENVIADA";"2065"
"5020";"Sede - Acomp. de Infrações";"escaninho_aextra_def";"ESC. - AAI - AVISO EXTRAJUDICIAL -DEFESA";"0"
"5020";"Sede - Acomp. de Infrações";"escaninho_aextra_rec";"ESC. - AAI - AVISO EXTRAJUDICIAL-RECURSO";"0"
"5020";"Sede - Acomp. de Infrações";"esc_dou_auto";"ESC. - AAI - D.O.U. AUTO - AGUARD. PUBLICAÇÃO";"2134"
"5020";"Sede - Acomp. de Infrações";"esc_dou_auto_pub";"ESC. - AAI - D.O.U. AUTO - PUBLICADO";"0"
"5020";"Sede - Acomp. de Infrações";"esc_dou_mult_mant";"ESC. - AAI - D.O.U. MANTIDA - AGUARD. PUBLICAÇÃO";"297"
"5020";"Sede - Acomp. de Infrações";"esc_dou_mant_pub";"ESC. - AAI - D.O.U. MANTIDA - PUBLICADO";"0"
"5020";"Sede - Acomp. de Infrações";"escaninho_mantidas";"ESC. - AAI - MULTA MANTIDA";"2349"
"5020";"Sede - Acomp. de Infrações";"escaninho_man_acervo";"ESC. - AAI - MULTA MANTIDA - ACERVO";"250"
"5020";"Sede - Acomp. de Infrações";"escaninho_mantidasdc";"ESC. - AAI - MULTA MANTIDA - AG. DOCUMENTAÇÃO";"1058"
"5020";"Sede - Acomp. de Infrações";"escaninho_correspman";"ESC. - AAI - MULTA MANTIDA - CORRESP DEVOLVIDA";"1814"
"5020";"Sede - Acomp. de Infrações";"escaninho_man_etica";"ESC. - AAI - MULTA MANTIDA - ETICA";"0"
"5020";"Sede - Acomp. de Infrações";"esc_aai_mult_man_des";"ESC. - AAI - MULTA MANTIDA COM DESCONTO";"181"
"5020";"Sede - Acomp. de Infrações";"esc_mantidas_pagas";"ESC. - AAI - MULTAS MANTIDAS PAGAS ANTES DO JULGAM";"33"
"5020";"Sede - Acomp. de Infrações";"escaninho_pagas";"ESC. - AAI - MULTAS PAGAS DEPOIS DO JULGAMENTO";"539"
"5020";"Sede - Acomp. de Infrações";"esc_multas_personal";"ESC. - AAI - MULTAS PERSONALIZADAS CAMARAS";"45"
"5020";"Sede - Acomp. de Infrações";"revelia_cea";"ESC.- AAI - CEA - REVELIA";"1246"
"5020";"Sede - Acomp. de Infrações";"revelia_ceeca";"ESC.- AAI - CEECA - REVELIA";"418"
"5020";"Sede - Acomp. de Infrações";"revelia_ceee";"ESC.- AAI - CEEE - REVELIA";"27"
"5020";"Sede - Acomp. de Infrações";"revelia_ceemm";"ESC.- AAI - CEEMM - REVELIA";"31"
"5020";"Sede - Acomp. de Infrações";"revelia_ceest";"ESC.- AAI - CEEST - REVELIA";"4"
"5020";"Sede - Acomp. de Infrações";"revelia_cegmeq";"ESC.- AAI - CEGMEQ - REVELIA";"0"
"14";"Sede - Administrativo";"esc_da_compra_direta";"ESC. - DA - PROC. COMPRA DIRETA";"0"
"14";"Sede - Administrativo";"esc_da_proc_pagto";"ESC. - DA - PROCESSO PAGAMENTO";"158"
"14";"Sede - Administrativo";"esc_da_proc_empenho";"ESC. - DA - PROCESSOS EMPENHO";"0"
"14";"Sede - Administrativo";"esc_da_proc_nalise";"ESC. - DA - PROCESSOS PARA ANALISE";"11"
"14";"Sede - Administrativo";"esc_process_publi";"ESC. - DA - PROCESSOS PARA PUBLICACAO";"0"
"5083";"Sede - Apoio Administrativo Inspetorias";"esc_atend_insp_prest";" ESC. - APOIO ADM. - PRESTAÇÃO DE CONTAS";"5"
"5016";"Sede - Ass. Apoio às Inspetorias";"esc_ass_inst_inspet";"ESC. - ASS.INST. - INSPETORIAS";"0"
"5068";"Sede - Ass. às Entidades de Classe";"esc_acomp_represent";"ESC. - ACOMPANHAMENTO DE CONSELHEIROS NO ESTADO";"29"
"5068";"Sede - Ass. às Entidades de Classe";"esc_cadastro_ass_ice";"ESC. - CADASTRO DE ASSOCIAÇÕES - ICE";"0"
"5068";"Sede - Ass. às Entidades de Classe";"esc_cad_ass_pmis";"ESC. - CADASTRO DE ASSOCIAÇÕES - PMIS";"0"
"5068";"Sede - Ass. às Entidades de Classe";"esc_dec_pmis";"ESC. - DECLARAÇÃO - PMIS";"0"
"5068";"Sede - Ass. às Entidades de Classe";"esc_dec_util_creago";"ESC. - DECLARAÇÃO DE UTILIDADE PARA O CREA-GO";"0"
"5022";"Sede - Câmara Agronomia";"homologa_cea";"ESC. - CEA - AGUARDANDO HOMOLOGAÇÃO";"1171"
"5022";"Sede - Câmara Agronomia";"votacao_cea";"ESC. - CEA - AGUARDANDO VOTAÇÃO";"1807"
"5022";"Sede - Câmara Agronomia";"dilig_cea";"ESC. - CEA - PROCESSOS EM DILIGÊNCIA";"71"
"5022";"Sede - Câmara Agronomia";"retorno_cea";"ESC. - CEA - RETORNO CONSELHEIRO";"0"
"5053";"Sede - Câmara Civil e Agrimensura";"homologa_ceeca";"ESC. - CEECA - AGUARDANDO HOMOLOGACAO";"2473"
"5053";"Sede - Câmara Civil e Agrimensura";"votacao_ceeca";"ESC. - CEECA - AGUARDANDO VOTAÇÃO";"413"
"5053";"Sede - Câmara Civil e Agrimensura";"dilig_ceeca";"ESC. - CEECA - PROCESSOS EM DILIGENCIA";"102"
"5053";"Sede - Câmara Civil e Agrimensura";"retorno_ceeca";"ESC. - CEECA - RETORNO CONSELHEIRO ";"0"
"5023";"Sede - Câmara Elétrica";"homologa_ceee";"ESC. - CEEE - AGUARDANDO HOMOLOGAÇÃO";"128"
"5023";"Sede - Câmara Elétrica";"votacao_ceee";"ESC. - CEEE - AGUARDANDO VOTAÇÃO";"56"
"5023";"Sede - Câmara Elétrica";"dilig_ceee";"ESC. - CEEE - PROCESSOS EM DILIGÊNCIA";"50"
"5023";"Sede - Câmara Elétrica";"retorno_ceee";"ESC. - CEEE - RETORNO CONSELHEIRO";"0"
"5038";"Sede - Câmara Geol. e Minas e Química";"homologa_cegmeq";"ESC. - CEGMEQ - AGUARDANDO HOMOLOGAÇÃO";"189"
"5038";"Sede - Câmara Geol. e Minas e Química";"votacao_cegmeq";"ESC. - CEGMEQ - AGUARDANDO VOTAÇÃO";"22"
"5038";"Sede - Câmara Geol. e Minas e Química";"dilig_cegmeq";"ESC. - CEGMEQ - PROCESSOS EM DILIGÊNCIA";"15"
"5038";"Sede - Câmara Geol. e Minas e Química";"retorno_cegmeq";"ESC. - CEGMEQ - RETORNO CONSELHEIRO";"0"
"5025";"Sede - Câmara Industrial";"homologa_ceei";"ESC. - CEEI - AGUARDANDO HOMOLOGAÇÃO";"1"
"5036";"Sede - Câmara Mecânica e Metalúrgica";"homologa_ceemm";"ESC. - CEEMM - AGUARDANDO HOMOLOGAÇÃO";"41"
"5036";"Sede - Câmara Mecânica e Metalúrgica";"votacao_ceemm";"ESC. - CEEMM - AGUARDANDO VOTAÇÃO";"28"
"5036";"Sede - Câmara Mecânica e Metalúrgica";"dilig_ceemm";"ESC. - CEEMM - PROCESSOS EM DILIGÊNCIA";"38"
"5036";"Sede - Câmara Mecânica e Metalúrgica";"retorno_ceemm";"ESC. - CEEMM - RETORNO CONSELHEIRO";"0"
"5037";"Sede - Câmara Segurança do Trabalho";"homologa_ceest";"ESC. - CEEST - AGUARDANDO HOMOLOGAÇÃO";"20"
"5037";"Sede - Câmara Segurança do Trabalho";"votacao_ceest";"ESC. - CEEST - AGUARDANDO VOTAÇÃO";"8"
"5037";"Sede - Câmara Segurança do Trabalho";"dilig_ceest";"ESC. - CEEST - PROCESSOS EM DILIGÊNCIA";"57"
"5037";"Sede - Câmara Segurança do Trabalho";"retorno_ceest";"ESC. - CEEST - RETORNO CONSELHEIRO";"0"
"5033";"Sede - Cerimonial e Eventos";"esc_conc_patrocinio";"ESC. - CONCESSÃO DE PATROCÍNIO";"5"
"5033";"Sede - Cerimonial e Eventos";"esc_coord_cer_event";"ESC. - COORD. DE CERIMONIAL E EVENTOS";"5"
"5033";"Sede - Cerimonial e Eventos";"esc_patrocinio_rep";"ESC. - PATROCÍNIO REPRESENTANTE";"0"
"5033";"Sede - Cerimonial e Eventos";"esc_pat_rep_aprovado";"ESC. - REPRESENTANTE PATROCINIO APROVADO";"0"
"5033";"Sede - Cerimonial e Eventos";"esc_patr_class";"ESC. CONC. DE PAT. - CLASSIFICADOS ";"0"
"5033";"Sede - Cerimonial e Eventos";"esc_patr_hab";"ESC. CONC. DE PAT. - HABILITADOS";"0"
"5033";"Sede - Cerimonial e Eventos";"esc_patr_pagto";"ESC. CONC. DE PAT. - PAGAMENTO";"0"
"4";"Sede - Cobrança";"esc_acob_anuid_dec_j";"ESC - ACOB - ANUID - EXIGIB. SUSPENSA - DEC. JUD.";"86"
"4";"Sede - Cobrança";"esc_acob_anuid_parc";"ESC - ACOB - ANUIDADE PARCELADA";"9593"
"4";"Sede - Cobrança";"esc_acob_anui_parc_p";"ESC - ACOB - ANUIDADE PARCELADA - PÓS PROTESTO";"1006"
"4";"Sede - Cobrança";"esc_acob_protestado";"ESC - ACOB - ANUIDADE PROTESTADA";"36062"
"4";"Sede - Cobrança";"esc_acob_prot_pago";"ESC - ACOB - ANUIDADE PROTESTADA - PAGO";"32"
"4";"Sede - Cobrança";"esc_acob_env_prot";"ESC - ACOB - ANUIDADES ENVIADAS PARA PROTESTO";"15"
"4";"Sede - Cobrança";"esc_acob_an_insc.div";"ESC - ACOB - ANUIDADES INSCR. DIV. ATIVA";"0"
"4";"Sede - Cobrança";"esc_acob_insc_cart";"ESC - ACOB - ANUIDADES INSCRITAS PARA CARTORIO";"0"
"4";"Sede - Cobrança";"esc_acob_anuid_refis";"ESC - ACOB - ANUIDADES REFIS";"0"
"4";"Sede - Cobrança";"esc_acob_ar_not_env";"ESC - ACOB - AR NOTIFICAÇÃO ENVIADA";"2049"
"4";"Sede - Cobrança";"esc_acob_ar_ret_s_en";"ESC - ACOB - AR RETORNADA S/ ENTREGA";"0"
"4";"Sede - Cobrança";"esc_acob_verificar";"ESC - ACOB - CARTORIO VERIFICAR";"0"
"4";"Sede - Cobrança";"esc_anuid_n_neg_cft";"ESC - ACOB - CENT COBR - ANUID NÃO NEG - CFT CFTA";"0"
"4";"Sede - Cobrança";"esc_acob_anuid_n_neg";"ESC - ACOB - CENTRAL COBRANÇA ANUIDADES NÃO NEGAT.";"0"
"4";"Sede - Cobrança";"esc_acob_anuid_neg";"ESC - ACOB - CENTRAL COBRANÇA ANUIDADES NEGATIV.";"0"
"4";"Sede - Cobrança";"esc_acob_email_n_ent";"ESC - ACOB - EMAIL NOTIFICAÇÃO NÃO ENTREGUE";"0"
"4";"Sede - Cobrança";"esc_acob_m_paga_ante";"ESC - ACOB - MULTA PAGA CARTORIO ANTES PROTESTO";"0"
"4";"Sede - Cobrança";"esc_acob_m_protesto";"ESC - ACOB - MULTA PROTESTADA";"2246"
"4";"Sede - Cobrança";"esc_acob_m_env_prot";"ESC - ACOB - MULTAS ENVIADAS PARA PROTESTO";"3"
"4";"Sede - Cobrança";"esc_acob_not_env";"ESC - ACOB - NOTIFICAÇÃO ENVIADA";"0"
"4";"Sede - Cobrança";"esc_acob_not_nao_ent";"ESC - ACOB - NOTIFICAÇÃO ENVIADA NÃO ENTREGUE";"0"
"4";"Sede - Cobrança";"esc_acob_not_email";"ESC - ACOB - NOTIFICAÇÃO ENVIADA POR E-MAIL";"0"
"4";"Sede - Cobrança";"esc_acob_not_nao_env";"ESC - ACOB - NOTIFICAÇÃO NÃO ENVIADA E-CARTA";"0"
"4";"Sede - Cobrança";"esc_acob_pago_antes";"ESC - ACOB - PAGO CARTORIO ANTES PROTESTO";"0"
"4";"Sede - Cobrança";"escaninho_insc_divid";"ESC - PROJUR - INSCRITO EM DIVIDA ATIVA";"13724"
"4";"Sede - Cobrança";"escaninho_ag_insc";"ESC. - ACOB - AG. INSCRIÇÃO EM DIVIDA ATIVA";"25"
"4";"Sede - Cobrança";"esc_acob_anuid_ofic";"ESC. - ACOB - COBRANÇA DE ANUIDADE A SER OFICIADA";"0"
"4";"Sede - Cobrança";"escaninho_cob_anuida";"ESC. - ACOB - COBRANÇA DE ANUIDADES";"0"
"4";"Sede - Cobrança";"esc_acob_dados_inc";"ESC. - ACOB - DADOS INCOMPLETOS";"833"
"4";"Sede - Cobrança";"escaninho_cob_digit";"ESC. - ACOB - DIGITALIZADOS";"621"
"4";"Sede - Cobrança";"escaninho_plenconfea";"ESC. - ACOB - MULTAS MANTIDAS PLENÁRIO CONFEA";"0"
"4";"Sede - Cobrança";"escaninho_oficiado";"ESC. - ACOB - OFICIADO PELA COBRANÇA";"5"
"4";"Sede - Cobrança";"escaninho_rec";"ESC. - ACOB - RECEBIDO COBRANÇA";"2"
"4";"Sede - Cobrança";"escaninho_rec_parc";"ESC. - ACOB - RECEBIDO COBRANÇA PARCELADO";"2947"
"4";"Sede - Cobrança";"esc_acob_rec_mul_man";"ESC. - ACOB - RECONS. - MULTA MANTIDA C/ DESCONTO";"0"
"5121";"Sede - Comissão Adm. de Integridade Doc.";"esc_comissao_adm";"ESC. - COMISSÃO ADM. DE INTEGRIDADE DOCUMENTAL";"0"
"5078";"Sede - Comissão de Acessibilidade ";"votaca_com_acess";"ESC. - COM. ACESS. - AGUARDANDO VOTAÇÃO";"0"
"5078";"Sede - Comissão de Acessibilidade ";"dilig_com_acess";"ESC. - COM. ACESS. - DILIGENCIA";"0"
"5082";"Sede - Comissão de Desenv. Sustentável";"votacao_codesu";"ESC. - CODESU - AGUARDANDO VOTAÇÃO";"0"
"5101";"Sede - Comissão de Licitação ";"votacao_cl";" ESC. - COM. LICIT. - AGUARDANDO VOTAÇÃO ";"0"
"5101";"Sede - Comissão de Licitação ";"dilig_cl";" ESC. - COM. LICIT. - DILIGÊNCIA";"0"
"5104";"Sede - Comissão do Mérito";"votacao_cm_merito";"ESC. - COM. MÉRITO. - AGUARDANDO VOTAÇÃO";"16"
"5045";"Sede - Comissão Educação e Atrib. Prof.";"votacao_ceap";"ESC. - CEAP - AGUARDANDO VOTAÇÃO";"11"
"5045";"Sede - Comissão Educação e Atrib. Prof.";"dilig_ceap";"ESC. - CEAP - PROCESSOS EM DILIGÊNCIA";"0"
"5100";"Sede - Comissão Eleitoral Regional CERGO";"danilodornelas";"DANILO HENRIQUE ALVES DORNELAS";"0"
"5100";"Sede - Comissão Eleitoral Regional CERGO";"esc_cergo_votacao";"ESC. - CERGO - AGUARDANDO VOTAÇÃO ";"0"
"5100";"Sede - Comissão Eleitoral Regional CERGO";"esc_cergo_dilig";"ESC. - CERGO - DILIGÊNCIA";"1"
"5029";"Sede - Comissão Estudo Seg. Trabalho";"homologa_cest";"ESC. - CEST - AGUARDANDO HOMOLOGAÇÃO";"3"
"5029";"Sede - Comissão Estudo Seg. Trabalho";"votacao_cest";"ESC. - CEST - AGUARDANDO VOTAÇÃO";"0"
"5029";"Sede - Comissão Estudo Seg. Trabalho";"dilig_cest";"ESC. - CEST - PROCESSOS EM DILIGÊNCIA";"0"
"5070";"Sede - Comissão Orç. e Tomada de Contas";"votacao_cotc";"ESC. - COTC - AGUARDANDO VOTAÇÃO";"0"
"5119";"Sede - Comissão Processo Sancionador I";"esc_proc_sancionador";"ESC. - SEDE - COMISSÃO PROCESSO SANCIONADOR I";"16"
"5122";"Sede - Comissão Processo Sancionador II";"esc_com_proc_sancion";"ESC. - SEDE - COMISSÃO PROCESSO SANCIONADOR II";"3"
"5043";"Sede - Comissão Renovação Terço";"votacao_cert";"ESC. - CERT - AGUARDANDO VOTAÇÃO";"6"
"5043";"Sede - Comissão Renovação Terço";"dilig_cert";"ESC. - CERT - PROCESSOS EM DILIGÊNCIA";"2"
"13";"Sede - Contabilidade";"esc_contab_pagam";"ESC. - CONTABILIZAÇÃO DE PAGAMENTO";"6"
"13";"Sede - Contabilidade";"esc_recorrente";"ESC. - DESPACHO RECORRENTE";"4"
"13";"Sede - Contabilidade";"esc_contab_empenho";"ESC. - EMPENHO";"0"
"13";"Sede - Contabilidade";"esc_contab_liquid";"ESC. - LIQUIDAÇÃO";"0"
"13";"Sede - Contabilidade";"esc_acont_proc_prest";"ESC. - PROC. PRESTAÇÃO DE CONTAS/ORÇAMENTOS";"11"
"13";"Sede - Contabilidade";"esc_relato_patroci";"ESC. - RELATO - PATROCINIO";"0"
"5007";"Sede - Controladoria";"esc_adm_contrl_anali";"ESC. - CCONTROL - PROC. PARA ANALISE";"5"
"5103";"Sede - Diretoria";"homologa_diretoria";"ESC. - DIR - AGUARDANDO HOMOLOGAÇÃO";"0"
"5103";"Sede - Diretoria";"votacao_diretoria";"ESC. - DIR - AGUARDANDO VOTAÇÃO";"0"
"5103";"Sede - Diretoria";"dilig_diretoria";"ESC. - DIR - PROCESSOS EM DILIGÊNCIA";"0"
"5006";"Sede - Educação";"esc_educ_dilig_aguar";"ESC. - EDUCAÇÃO - DILIG. ENC. AGUARD. MANIFESTAÇÃO";"1"
"5006";"Sede - Educação";" esc_educ_proc_dilig";"ESC. - EDUCAÇÃO - PROCESSOS EM DILIGÊNCIA";"1"
"5021";"Sede - Ética";"esc_aapf_aguard_o";"ESC. - ÉTICA - AGUARDANDO ORIENTAÇÃO";"0"
"5021";"Sede - Ética";"tec_conciliacao";"ESC. - ÉTICA - CONCILIAÇÃO";"1"
"5021";"Sede - Ética";"esc_aapf_dilig_cient";"ESC. - ÉTICA - DILIGêNCIA/CIENTIFICAçãO";"0"
"5021";"Sede - Ética";"escaninho_apf_outros";"ESC. - ÉTICA - OUTROS";"1"
"5021";"Sede - Ética";"tec_reun_conciliacao";"ESC. - ÉTICA - REUNIAO DE CONCILIACAO";"0"
"5015";"Sede - Financeiro";"esc_dfin_canc_bol";"ESC. - DFIN - CANCELAMENTO - BOLETOS";"0"
"5015";"Sede - Financeiro";"escaninho_aguard_pag";"ESC. - DFIN - DEVOLUCAO - AGUARDANDO";"13"
"5015";"Sede - Financeiro";"esc_dfin_dev_taxa";"ESC. - DFIN - DEVOLUCAO DE TAXA";"3"
"5015";"Sede - Financeiro";"escaninho_diligencia";"ESC. - DFIN - DILIGENCIA";"0"
"5015";"Sede - Financeiro";"esc_dfin_impostos";"ESC. - DFIN - IMPOSTOS";"2"
"5015";"Sede - Financeiro";"esc_dfin_pag_aguard";"ESC. - DFIN - PAGAMENTOS AGENDADOS";"40"
"5015";"Sede - Financeiro";"esc_dfin_p_pagamento";"ESC. - DFIN - PARA PAGAMENTO";"2"
"5015";"Sede - Financeiro";"esc_dfin_prest_conta";"ESC. - DFIN - PRESTACOES DE CONTAS";"0"
"5086";"Sede - Fiscalização - Gerência";"esc_fisc_aguar_art16";"ESC. - FISC - AGUARDANDO DECISÃO ART. 16";"139"
"5086";"Sede - Fiscalização - Gerência";"escaninho_defesas_ro";"ESC. - FISC - DEFESAS DE RO";"5"
"5086";"Sede - Fiscalização - Gerência";"escaninho_fisc";"ESC. - FISC. - AUTOS AGUARDANDO ANÁLISE";"169"
"2";"Sede - Fiscalização do Exercício Profiss";"escaninho_baixa_rt";"ESC. - GEOPRO - BAIXA DE RESP. TÉCNICA";"0"
"2";"Sede - Fiscalização do Exercício Profiss";"escaninho_geo_outros";"ESC. - GEOPRO - OUTROS ASSUNTOS";"0"
"5109";"Sede - Fiscalização e Análise Atv. Prof.";"esc_ia_pre_analisado";"ESC - IA - PRÉ-ANALISADO";"0"
"5109";"Sede - Fiscalização e Análise Atv. Prof.";"esc_tec_aguardand_ar";"ESC. - FAAP - AGUARDANDO AR";"7"
"5109";"Sede - Fiscalização e Análise Atv. Prof.";"escaninho_aguardando";"ESC. - FAAP - AGUARDANDO CONCLUSÃO";"0"
"5109";"Sede - Fiscalização e Análise Atv. Prof.";"tec_aguard_prazo";"ESC. - FAAP - AGUARDANDO PRAZO";"9"
"5109";"Sede - Fiscalização e Análise Atv. Prof.";"tec_analise";"ESC. - FAAP - ANÁLISE";"12"
"5109";"Sede - Fiscalização e Análise Atv. Prof.";"esc_analise_art_dev";"ESC. - FAAP - ANALISE DE ART/DEVOLUCAO DE TAXA";"0"
"5109";"Sede - Fiscalização e Análise Atv. Prof.";"esc_avap_analise_lo";"ESC. - FAAP - ANÁLISE DE RO DE LIVRO DE ORDEM";"0"
"5109";"Sede - Fiscalização e Análise Atv. Prof.";"esc_avap_assis_tec";"ESC. - FAAP - ASSISTÊNCIA TÉCNICA";"0"
"5109";"Sede - Fiscalização e Análise Atv. Prof.";"esc_avap_auto_lo";"ESC. - FAAP - AUTOS DE LIVRO DE ORDEM";"0"
"5109";"Sede - Fiscalização e Análise Atv. Prof.";"esc_faap_cat";"ESC. - FAAP - CAT/CAO";"8"
"5109";"Sede - Fiscalização e Análise Atv. Prof.";"tec_controle";"ESC. - FAAP - CONTROLE";"2"
"5109";"Sede - Fiscalização e Análise Atv. Prof.";"esc_defesa_faap";"ESC. - FAAP - DEFESA";"899"
"5109";"Sede - Fiscalização e Análise Atv. Prof.";"esc_defesa_int_faap";"ESC. - FAAP - DEFESA INTEMPESTIVA";"47"
"5109";"Sede - Fiscalização e Análise Atv. Prof.";"esc_def_mult_pg_faap";"ESC. - FAAP - DEFESA/MULTA PAGA";"0"
"5109";"Sede - Fiscalização e Análise Atv. Prof.";"tec_dilig_cientific";"ESC. - FAAP - DILIGENCIA/CIENTIFICACAO";"0"
"5109";"Sede - Fiscalização e Análise Atv. Prof.";"esc_faap_fisc_atest";"ESC. - FAAP - FISCALIZACAO ATESTADO";"0"
"5109";"Sede - Fiscalização e Análise Atv. Prof.";"tec_instauracao";"ESC. - FAAP - INSTAURAÇÃO";"0"
"5109";"Sede - Fiscalização e Análise Atv. Prof.";"tec_instrucao";"ESC. - FAAP - INSTRUÇÃO";"0"
"5109";"Sede - Fiscalização e Análise Atv. Prof.";"esc_mult_pg_ag_faap";"ESC. - FAAP - MULTA PAGA AGUARDANDO ANÁLISE";"1173"
"5109";"Sede - Fiscalização e Análise Atv. Prof.";"esc_faap_outros";"ESC. - FAAP - OUTROS";"0"
"5109";"Sede - Fiscalização e Análise Atv. Prof.";"esc_faap_pf";"ESC. - FAAP - PESSOA FÍSICA";"0"
"5109";"Sede - Fiscalização e Análise Atv. Prof.";"esc_faap_pj";"ESC. - FAAP - PESSOA JURÍDICA";"48"
"5109";"Sede - Fiscalização e Análise Atv. Prof.";"esc_plenario_faap";"ESC. - FAAP - PLENÁRIO";"127"
"5109";"Sede - Fiscalização e Análise Atv. Prof.";"esc_faap_proc_dilig";"ESC. - FAAP - PROCESSO DE DILIGÊNCIA PRESENCIAL";"7"
"5109";"Sede - Fiscalização e Análise Atv. Prof.";"esc_proc_sobres_faap";"ESC. - FAAP - PROCESSOS SOBRESTADOS";"1"
"5109";"Sede - Fiscalização e Análise Atv. Prof.";"esc_recons_cam_faap";"ESC. - FAAP - RECONSIDERAÇÃO CÂMARA";"35"
"5109";"Sede - Fiscalização e Análise Atv. Prof.";"esc_recons_plen_faap";"ESC. - FAAP - RECONSIDERAÇÃO PLENÁRIO";"7"
"5109";"Sede - Fiscalização e Análise Atv. Prof.";"esc_faap_rel_cea";"ESC. - FAAP - RELATAR PARA CEA";"3"
"5109";"Sede - Fiscalização e Análise Atv. Prof.";"esc_faap_relat_ceeca";"ESC. - FAAP - RELATAR PARA CEECA";"14"
"5109";"Sede - Fiscalização e Análise Atv. Prof.";"esc_faap_relat_ceee";"ESC. - FAAP - RELATAR PARA CEEE";"1"
"5109";"Sede - Fiscalização e Análise Atv. Prof.";"esc_faap_rel_ceemm";"ESC. - FAAP - RELATAR PARA CEEMM";"1"
"5109";"Sede - Fiscalização e Análise Atv. Prof.";"esc_faap_rel_ceest";"ESC. - FAAP - RELATAR PARA CEEST";"0"
"5109";"Sede - Fiscalização e Análise Atv. Prof.";"esc_faap_rel_cegmeq";"ESC. - FAAP - RELATAR PARA CEGMEQ";"1"
"5109";"Sede - Fiscalização e Análise Atv. Prof.";"esc_faap_relat_plen";"ESC. - FAAP - RELATAR PARA PLENARIO";"1"
"5109";"Sede - Fiscalização e Análise Atv. Prof.";"esc_revelia_faap";"ESC. - FAAP - REVELIA";"0"
"5109";"Sede - Fiscalização e Análise Atv. Prof.";"esc_sem_defesa_faap";"ESC. - FAAP - SEM DEFESA";"20"
"5109";"Sede - Fiscalização e Análise Atv. Prof.";"tec_vistoria";"ESC. - FAAP - VISTORIA";"0"
"5017";"Sede - Gestão de Pessoas";"esc_concurso_pub_23";"ESC. - CONCURSO PÚBLICO 2023";"9"
"5017";"Sede - Gestão de Pessoas";"esc_gp_home_office";"ESC. - HOME OFFICE";"5"
"5017";"Sede - Gestão de Pessoas";"esc_proc_seletivo";"ESC. - PROCESSO SELETIVO SIMPLIFICADO";"34"
"5017";"Sede - Gestão de Pessoas";"esc_rh_sol_carga_hor";"ESC. - SOLICITAÇÃO DE ALTERAÇÃO DE CARGA HORÁRIA";"0"
"5017";"Sede - Gestão de Pessoas";"esc_rh_sol_aux_crech";"ESC. - SOLICITAÇÃO DE AUXILIO CRECHE";"38"
"5017";"Sede - Gestão de Pessoas";"esc_rh_sol_aux_educ";"ESC. - SOLICITAÇÃO DE AUXILIO EDUCAÇÃO";"0"
"5017";"Sede - Gestão de Pessoas";"esc_gest_home_office";"ESC. - SOLICITAÇÃO DE HOME OFFICE - PORTARIA 15/23";"22"
"5017";"Sede - Gestão de Pessoas";"esc_rh_sol_lic_n_rem";"ESC. - SOLICITAÇÃO DE LICENÇA NÃO REMUNERADA";"0"
"5017";"Sede - Gestão de Pessoas";"esc_rh_sol_prom_vert";"ESC. - SOLICITAÇÃO DE PROMOÇÃO VERTICAL";"1"
"5112";"Sede - Integração, Projeto e Inovação";"esc_ia_analise_inic";"ESC - IA - ANÁLISE INICIAL";"0"
"5112";"Sede - Integração, Projeto e Inovação";"esc_ia_erros";"ESC - IA - ERROS NA ANÁLISE ";"1"
"5085";"Sede - Licitações";"esc_Credenciamento";"ESC. - CREDENCIAMENTO&#8203;&#8203; &#8203;";"0"
"5085";"Sede - Licitações";"licit_inscr_abertas";"ESC. - LICITAÇÕES - INSCRIÇÕES ABERTAS";"3"
"5085";"Sede - Licitações";"licit_inscr_homolog";"ESC. - LICITAÇÕES - INSCRIÇÕES HOMOLOGADAS";"0"
"5085";"Sede - Licitações";"esc_licit_proc_pend";"ESC. - LICITAÇÕES - PROCESSOS PENDENTES";"2"
"5085";"Sede - Licitações";"ESC. - Creden";"ESC_CREDENCIAMENTO";"1"
"5027";"Sede - Pessoal";"arquivo_rh";"ARQUIVO RECURSOS HUMANOS";"407"
"5027";"Sede - Pessoal";"esc_estag_inativos";"ESC. - PESSOAL - ESTAG. INATIVOS - RESCIS. CONTRAT";"15"
"5027";"Sede - Pessoal";"esc_estag_ativos";"ESC. - PESSOAL - ESTAGIÁRIOS ATIVOS";"36"
"5105";"Sede - Planej. de Acomp. às Contratações";"esc_licit_alt_plano";"ESC. - ARQUIVO ALTERAÇÃO DO PLANO - ANO EXECUÇÃO";"107"
"5105";"Sede - Planej. de Acomp. às Contratações";"esc_licit_arq_pca";"ESC. - ARQUIVO PCA";"0"
"5105";"Sede - Planej. de Acomp. às Contratações";"esc_licit_plano_cont";"ESC. - PLANO DE CONTRAT. ANUAL / REVISÃO ANO ELAB.";"3"
"5031";"Sede - Plenário do CREA-GO";"esc_plen_providencia";" ESC. - PLENARIO CREA-GO - PROVIDENCIAS";"0"
"5031";"Sede - Plenário do CREA-GO";"votacao_revisora";"ESC. - CRRP - AGUARDANDO VOTAÇÃO";"57"
"5031";"Sede - Plenário do CREA-GO";"esc_plen_indic_cons";"ESC. - INDICAÇÃO DE CONSELHEIROS";"53"
"5031";"Sede - Plenário do CREA-GO";"escaninho_regimento ";"ESC. - PLENARIO - REGIMENTO INTERNO";"1"
"5031";"Sede - Plenário do CREA-GO";"homologa_revisora";"ESC. - PLENÁRIO CREA-GO - AGUARD. HOMOLOGAÇÃO CRRP";"54"
"5031";"Sede - Plenário do CREA-GO";"escaninho_distribuic";"ESC. - PLENARIO CREA-GO - AGUARDANDO DISTRIBUICAO";"0"
"5031";"Sede - Plenário do CREA-GO";"homologa_plenario";"ESC. - PLENÁRIO CREA-GO - AGUARDANDO HOMOLOGAÇÃO";"11"
"5031";"Sede - Plenário do CREA-GO";"votacao_plenario";"ESC. - PLENÁRIO CREA-GO - AGUARDANDO VOTAÇÃO";"9"
"5031";"Sede - Plenário do CREA-GO";"esc_plen_cnp";"ESC. - PLENÁRIO CREA-GO - CNP";"5"
"5031";"Sede - Plenário do CREA-GO";"esc_plen_dilig";"ESC. - PLENARIO CREA-GO - EM DILIGENCIA";"10"
"5028";"Sede - Procurad. Jurídica (Divida Ativa)";"esc_procur_div_exec";"ESC - PROJUR - DIVIDA EXECUTADA";"12691"
"5028";"Sede - Procurad. Jurídica (Divida Ativa)";"escaninho_executada";"ESC - PROJUR - MULTA EXECUTADA";"15830"
"5028";"Sede - Procurad. Jurídica (Divida Ativa)";"escaninho_preexec";"ESC - PROJUR - MULTA PRE-EXECUTADA";"0"
"5009";"Sede - Procuradoria Jurídica";"esc_procur_fisico";"  ESC. - PROCURADORIA - PROCESSOS FÍSICOS";"117"
"5009";"Sede - Procuradoria Jurídica";"esc_pag_guias_aguard";"ESC. - PAGAMENTO GUIAS AGUARDANDO";"0"
"5009";"Sede - Procuradoria Jurídica";"esc_procjur_dev_taxa";"ESC. - PROCJUR - DEVOLUÇÃO DE TAXA";"4"
"5009";"Sede - Procuradoria Jurídica";"esc_jur_incr_tx_art";"ESC. - PROCJUR - INSCRICOES DE TAXAS DE ARTS";"0"
"5009";"Sede - Procuradoria Jurídica";"esc_procjur_canc_ins";"ESC. - PROCJUR - PEDIDO CANCELAR INSCRIÇÃO EM D.A.";"0"
"5009";"Sede - Procuradoria Jurídica";"esc_jur_sem_cpf";"ESC. - PROCJUR - SEM CPF/CNPJ";"0"
"5009";"Sede - Procuradoria Jurídica";"esc_jur_tx_minima";"ESC. - PROCJUR - TAXA MINIMA";"0"
"5009";"Sede - Procuradoria Jurídica";"esc_procur_susp_dec";"ESC. - PROCUR JUR - SUSPENSOS POR DECISÃO JUDICIAL";"360"
"5041";"Sede - Registro - Gerência";"esc_reg_analise_acer";"ESC. - REG. - ANÁLISE ACERVO";"0"
"5041";"Sede - Registro - Gerência";"esc_reg_analise_pf";"ESC. - REG. - ANÁLISE PF";"9"
"5041";"Sede - Registro - Gerência";"esc_reg_analise_pj";"ESC. - REG. - ANÁLISE PJ";"17"
"9";"Sede - Registro de Pessoa Física";"esc_reg_sic";"ESC. - REG -  REGISTRADOS SIC";"0"
"9";"Sede - Registro de Pessoa Física";"esc_reg_cobranca_pf";"ESC. - REG - CENTRAL COBRANÇA ANUIDADES - PF";"11973"
"9";"Sede - Registro de Pessoa Física";"esc_reg_dados_inc_pf";"ESC. - REG - CENTRAL COBRANÇA DADOS INCOMPLETOS PF";"0"
"9";"Sede - Registro de Pessoa Física";"esc_reg_email_env_pf";"ESC. - REG - CENTRAL COBRANÇA E-MAILS ENVIADOS PF";"0"
"9";"Sede - Registro de Pessoa Física";"esc_reg_nao_env_pf";"ESC. - REG - CENTRAL COBRANÇA E-MAILS NÃO ENV. PF";"0"
"9";"Sede - Registro de Pessoa Física";"esc_reg_pf_certidoes";"ESC. - REG - CERTIDÕES PF";"0"
"9";"Sede - Registro de Pessoa Física";"escaninho_regcanuid";"ESC. - REG - COBRANCA DE ANUIDADE";"0"
"9";"Sede - Registro de Pessoa Física";"esc_reg_conf_certid";"ESC. - REG - CONFERÊNCIA CERTIDÕES";"0"
"9";"Sede - Registro de Pessoa Física";"escaninho_reg_impres";"ESC. - REG - IMPRESSAO DE CARTEIRA";"403"
"9";"Sede - Registro de Pessoa Física";"escaninho_impre_prov";"ESC. - REG - IMPRESSAO PROVISORIA";"86"
"9";"Sede - Registro de Pessoa Física";"escaninho_reg_instru";"ESC. - REG - INSTRUCAO DE PROCESSOS";"3"
"9";"Sede - Registro de Pessoa Física";"escaninho_arqreg";"ESC. - REG - MANUTENÇÃO";"4"
"9";"Sede - Registro de Pessoa Física";"escaninho_monit_inst";"ESC. - REG - MONITORAMENTO DE INSTRUÇÕES";"0"
"9";"Sede - Registro de Pessoa Física";"escaninho_p_conf_edu";"ESC. - REG - PRE-CONFERENCIA EDUCACAO";"0"
"9";"Sede - Registro de Pessoa Física";"esc_reg_proc_arquivm";"ESC. - REG - PROCESSOS CONCLUIDOS - PARA ARQUIVMT.";"280"
"9";"Sede - Registro de Pessoa Física";"escaninho_arqcart";"ESC. - REG - REGISTRO PROFISSIONAL";"6"
"9";"Sede - Registro de Pessoa Física";"reg_ret_camara";"ESC. - REG - RETORNO CÂMARAS";"0"
"9";"Sede - Registro de Pessoa Física";"escaninho_retorn_edu";"ESC. - REG - RETORNO EDUCACAO";"2"
"5098";"Sede - Registro de Pessoa Jurídica";"esc_incl_baixa_pj";"ESC. - REG -  REGISTRO/INCLUSÃO RT/ALTERAÇ/REATIV";"9"
"5098";"Sede - Registro de Pessoa Jurídica";"esc_atua_cap_rec_fed";"ESC. - REG - ATUALIZACAO CAPITAL VIA RF";"0"
"5098";"Sede - Registro de Pessoa Jurídica";"esc_reg_cobranca_pj";"ESC. - REG - CENTRAL COBRANÇA ANUIDADES - PJ";"10316"
"5098";"Sede - Registro de Pessoa Jurídica";"esc_reg_dados_inc_pj";"ESC. - REG - CENTRAL COBRANÇA DADOS INCOMPLETOS PJ";"0"
"5098";"Sede - Registro de Pessoa Jurídica";"esc_reg_email_env_pj";"ESC. - REG - CENTRAL COBRANÇA E-MAILS ENVIADOS PJ";"0"
"5098";"Sede - Registro de Pessoa Jurídica";"esc_reg_nao_env_pj";"ESC. - REG - CENTRAL COBRANÇA E-MAILS NÃO ENV. PJ";"0"
"5098";"Sede - Registro de Pessoa Jurídica";"esc_reg_certidoes_pj";"ESC. - REG - CERTIDÕES PJ";"1"
"5098";"Sede - Registro de Pessoa Jurídica";"esc_creaemp_aguardoc";"ESC. - REG - CREAEMPRESAS - AGUARD. DOCUMENTAÇÃO";"0"
"5098";"Sede - Registro de Pessoa Jurídica";"esc_reg_proc_ag_arq";"ESC. - REG - PROCESSOS AGUARDANDO ARQUIVAMENTO";"31"
"5098";"Sede - Registro de Pessoa Jurídica";"esc_represpj_analise";"ESC. - REG - REPRESENTANTE PJ - AGUARD. ANÁLISE";"6"
"5098";"Sede - Registro de Pessoa Jurídica";"esc_represpj_def";"ESC. - REG - REPRESENTANTE PJ - DEFERIDO";"0"
"5098";"Sede - Registro de Pessoa Jurídica";"esc_reg_ret_camaras";"ESC. - REG - RETORNO  CÂMARAS";"0"
"5098";"Sede - Registro de Pessoa Jurídica";"esc_reg_visto_pj";"ESC. - REG - VISTO/BAIXA RT/INTERRUP./CANC./REATV.";"0"
"5050";"Sede - Registro de PF e PJ - Geral";"cft_industriais";"ESC. - CFT - TÉC. INDUSTRIAIS";"0"
"5050";"Sede - Registro de PF e PJ - Geral";"cfta_agricolas";"ESC. - CFTA - TÉC. AGRÍCOLAS";"0"
"5050";"Sede - Registro de PF e PJ - Geral";"escaninho_agdoc_reg";"ESC. - REG - AGUARDANDO DOCUMENTOS";"0"
"5050";"Sede - Registro de PF e PJ - Geral";"escaninho_ag_manif";"ESC. - REG - AGUARDANDO MANIFESTAÇÃO";"3"
"5050";"Sede - Registro de PF e PJ - Geral";"dilig_reg";"ESC. - REG - PROCESSOS EM DILIGÊNCIA";"0"
"5114";"Sede - Subprocuradoria de Dívida Ativa";"esc_procur_ag_an_aju";"ESC. - PROCUR JUR - ANUID. - AGUAD. - AJUIZAMENTO";"5009"
"5114";"Sede - Subprocuradoria de Dívida Ativa";"esc_procur_an_cda";"ESC. - PROCUR JUR - ANUID. - CDA GERADA";"2241"
"5048";"Sede - Superintendência";"esc_super_proc_concl";"ESC. - SUPER - PROCESSOS CONCLUÍDOS";"0"
"7";"Sede - Tecn. Informacao";"curinga_geral";"CURINGA GERAL";"0"
"5076";"Sede - Técnico/Gerência";"esc_dtec_analise_art";"ESC. - DTEC - ANALISE DE ART/DIVERSOS";"0"
"5076";"Sede - Técnico/Gerência";"tec_documentos";"ESC. - TÉC. - DOCUMENTOS";"0"
