"cod_ass";"nome";"ativo";"mostra_sigcam";"mostra_agendamento";"prazo_previsto";"ativo_online";"codigo_rg";"descricao_online";"tipo_requerente";"proc_automatico";"departamento"
"0";"Notificação/Auto de Infração";"S";"S";"N";NULL;;"0";;;"N";
"1";"Alteração de Carga Horária";"S";"S";"N";"03 (três) dias úteis, podendo ser alterado caso seja solicitado providências adicionais ao Requerente ou se necessitar análise pelo Colegiado. ";"S";"811";"Alteração de Carga Horária do Quadro Técnico de Empresa";"P,";"N";"5098"
"2";"Análise de ART";"S";"S";"N";NULL;;"0";;;"N";"11"
"3";"Cadastro de Instituição de Ensino e Cursos";"N";"N";"N";"Prazo: Variável.";;"0";;;"N";"9"
"4";"Certidão de Acervo Técnico";"S";"S";"N";"5 (cinco) dias úteis, após o deferimento do processo, podendo ser alterado caso seja solicitado providências adicionais ao Requerente ou se necessitar análise pelo Colegiado.";"S";"20";"BENEFÍCIOS DA SOLICITAÇÃO DA CAT ON-LINE: Não paga taxa de emissão quando precisar de segunda via da CAT; O profissional digitaliza e envia a documentação, não necessitando comparecer ao CREA-GO para entregar os documentos nem para buscar a CAT; A CAT é impressa acessando o sistema com seu login e senha; O Atestado será selado eletronicamente, sendo possível consultar sua veracidade no site do CREA-GO; A CAT e o atestado selado poderão ser impressos quantas vezes necessitar.";"P,E,";"N";"11"
"5";"Denúncia";"S";"S";"N";NULL;;"0";;;"N";"5003"
"6";"Diversos";"N";"N";"N";NULL;;"0";;;"N";
"7";"Exorbitância de Atribuição";"S";"S";"N";NULL;;"0";;;"N";"11"
"8";"Expedição de Carteira Definitiva";"N";"S";"N";"30 (trinta) dias úteis para inserir na ficha do profissional Egresso de Instituição de Ensino cadastrada no Regional, podendo ser alterado caso seja solicitado providências adicionais ao Requerente ou se necessitar análise pelo Colegiado; e
Prazo variável para egressos de Instituições de Ensino localizadas em outros estados, sendo a Instituição cadastrada ou não em outros regionais.  ";"N";"0";;;"N";"9"
"9";"Expedição de Carteira Provisória";"N";"S";"N";"30 (trinta) dias úteis para egressos de Instituições de Ensino cadastradas no Regional; e Prazo variável para egressos de Instituições de Ensino localizadas em outros estados, sendo a Instituição cadastrada ou não em outros regionais.  ";"N";"0";;;"N";"9"
"10";"Inclusão de Curso";"S";"S";"N";"30 (trinta) dias úteis para inserir na ficha do profissional egresso de Instituição de Ensino cadastrada no Regional, podendo ser alterado caso seja solicitado providências adicionais ao Requerente ou se necessitar análise pelo Colegiado; e
Prazo variável para egressos de Instituições de Ensino localizadas em outros estados, sendo a Instituição cadastradas ou não em outros regionais. ";"S";"802";"Incluir novo curso em sua Ficha Profissional";"P,";"N";"9"
"11";"Inclusão de Responsavel Tecnico/Integrante";"S";"S";"N";"05 (cinco) dias úteis, após o pagamento da ART de Cargo/Função, podendo ser alterado caso seja solicitado providências adicionais ao Requerente ou se necessitar análise pelo Colegiado.";"S";"15";"Inclusão de Responsabilidade Técnica do quadro técnico de pessoa Jurídica";"P,";"N";
"12";"Liberação de ART";"S";"S";"N";"Prazo: Variável";"S";"26";"Incorporar a seu acervo, ART não registrada antes do início da atividade";"P,";"N";"11"
"13";"Liberação de ART c/ CAT";"S";"S";"N";"Prazo: Variável";;"0";;;"N";"5049"
"14";"Recadastramento de Profissional";"S";"S";"N";"03 (três) dias úteis.";"S";"812";"Profissionais que ainda não se Recadastraram e não possuem RNP (Registro Nacional Profissional)";"P,L,";"N";"9"
"15";"Registro de Consórcio";"S";"N";"N";"05 (cinco) dias úteis, após o registro da ART de Cargo/Função, podendo ser alterado caso seja solicitado providências adicionais ao Requerente ou se necessitar análise pelo Colegiado.reinicia após sanadas as pendências)";"S";"829";"Registro de Consórcio";"E,";"N";"5098"
"16";"Registro de Pessoa Jurídica";"S";"S";"N";"5 (cinco) dias após a confirmação do Pagamento de todas as ARTs. Obs.: O Boleto bancário referente ao Pagto das ARTs serão liberados após o deferimento do Processo.";"S";"822";"Registro de Pessoa Jurídica";"E,";"N";"5098"
"17";"Revisão de Atribuições";"S";"S";"N";"30 (trinta) dias úteis, podendo ser alterado caso seja solicitado providências  adicionais ao Requerente ou se necessitar de análise pelo Colegiado.";"S";"806";"Revisão de Atribuições Profissionais";"P,";"N";"9"
"18";"Segunda Via de Carteira";"S";"S";"N";"15 dias úteis";"S";"800";"Expedição de Segunda via de Carteira Profissional";"P,";"N";"9"
"19";"Taxa Especial p/ ART";"S";"S";"N";"03 (três) dias úteis, podendo ser alterado caso seja solicitado providências adicionais ao Requerente ou se necessitar de análise pelo Colegiado.";;"0";;;"N";"11"
"20";"Cancelamento de ART";"S";"S";"N";NULL;;"0";;;"N";"11"
"21";"Processo Ético Disciplinar";"S";"S";"N";NULL;;"0";;;"N";"5003"
"22";"Diversos - Registro";"S";"S";"N";NULL;;"0";;;"N";"5050"
"23";"Certidão Negativa de Obras/Serviços Anotados";"S";"N";"N";"05 (cinco) dias úteis.";"S";"23";"Certidão Negativa de Obras/Serviços";"P,E,";"N";"11"
"24";"Certidão de Obras/Serviços Anotados";"S";"N";"N";"05 (cinco) dias úteis para certidões contendo até 20 (vinte) ARTs; 07 (sete) dias úteis para certidões contendo mais de 20 (vinte) ARTs até o limite de 100 (cem) ARTs; 15 (quinze) dias úteis para certidões contendo mais de 100 (cem) ARTs; ou 30 (trinta) dias úteis para certidões contendo ARTs microfilmadas";"S";"21";"Certidão contendo as ARTs das Obras/Serviço de um determinado período";"P,E,";"N";"11"
"25";"Certidão Específica de Obras";"S";"S";"N";"07 (sete) dias úteis";"S";"28";"Certidão específica para determinada finalidade";"P,E,";"N";"11"
"26";"Cópia de ART";"S";;"N";NULL;;"0";;;"N";"11"
"27";"Declaração de ART";"S";;"N";NULL;;"0";;;"N";"11"
"28";"Baixa de Obra/Serviços";"S";"S";"N";"03 (três) dias úteis; e Imediato, quando por meio do site";;"0";;;"N";"11"
"29";"Complementação de Taxa de ART";"S";;"N";NULL;;"0";;;"N";"11"
"30";"Devolução de Taxa";"S";"S";"N";"Prazo: Variável";"S";"24";"Devolução de Taxas";"P,E,L,";"N";"11"
"31";"Pessoa Jurídica Sem Visto/Registro";"S";;"N";NULL;;"0";;;"N";"5098"
"32";"Pessoa Jurídica com Visto Vencido";"S";;"N";NULL;;"0";;;"N";"5098"
"33";"Falta de ART de Cargo/Função";"S";;"N";NULL;;"0";;;"N";"11"
"34";"Alteração Contratual";"S";"S";"N";"05 (cinco) dias úteis, podendo ser alterado caso seja solicitado providências adicionais ao Requerente ou se necessitar análise pelo Colegiado.";"S";"818";"Alteração Contratual";"E,";"N";"5098"
"35";"Visto em Registro de Pessoa Jurídica";"S";"N";"N";"Execução de obras ou serviços: 03 (três) dias úteis, após o deferimento do processo, podendo ser alterado caso seja solicitado providências adicionais ao Requerente ou se necessitar de análise pelo Colegiado.Licitação: 03 (três) dias úteis, após o deferimento do processo, podendo ser alterado caso seja solicitado providências adicionais ao Requerente ou se necessitar de análise pelo Colegiado.";"S";"823";"Visto em Registro de Pessoa Jurídica";"E,";"N";"5098"
"36";"Registro de Consórcio para Licitação";"N";"N";"N";"05 (cinco) dias úteis, após o deferimento, podendo ser alterado caso seja solicitado providências adicionais ao Requerente ou se necessitar análise pelo Colegiado.";"N";"825";"Registro de Consórcio para Licitação (DESATIVADO A PEDIDO DO ATENDIMENTO)";"E,";"N";"5098"
"37";"Baixa de RT Por Pessoa Juridica";"S";"S";"N";"03 (três) dias úteis.";"S";"16";"Baixa de Responsabilidade Técnica do quadro técnico de pessoa Jurídica";"P,";"N";"5098"
"38";"Cancelamento de Registro de Pessoa Jurídica";"S";"S";"N";"03 (três) dias úteis";"S";"828";"Cancelamento de Registro de Pessoa Jurídica";"E,";"N";"5098"
"39";"Certidão de Registro e Quitação";"N";"N";"N";"05 (cinco) dias úteis, quando por meio de atendimento presencial; e Imediato, quando por meio de atendimento on-line.";;"0";;;"N";"9"
"40";"Certidão Específica de Pessoa Jurídica";"S";"S";"N";"07 (sete) dias úteis";"N";"28";"Certidão Específica de Pessoa Jurídica";"E,";"N";"5098"
"41";"Cópia de Contrato de Trabalho";"S";;"N";NULL;;"0";;;"N";"5098"
"42";"Visto em Registro de Profissional";"S";"S";"N";"05 (cinco) dias úteis. ";"N";"807";"Registrar Profissional que já possui Registro em outro CREA";"P,L,";"N";"9"
"43";"Prorrogação de Carteira Provisória";"S";"S";"N";"05 dias úteis.";"S";"805";"Prorrogação de Carteira Provisória";"P,";"N";"9"
"44";"Interrupção de Registro de Profissional";"S";"S";"N";"05 (cinco) dias úteis.";"S";"801";"Interrupção de Registro Profissional";"P,";"N";"9"
"45";"Reativação de Registro de Profissional";"S";"S";"N";"05 (cinco) dias úteis.";"S";"803";"Reativação do Registro de Profissioal";"P,";"N";"9"
"46";"Cancelamento de Registro de Profissional por Óbito";"S";"S";"N";"03 (três) dias úteis";"S";"810";"Cancelamento de Registro de Profissional por Óbito";"L,";"N";"9"
"47";"Certidão Específica de Profissional";"S";"S";"N";"07 (sete) dias úteis";"S";"28";"Certidão Específica sobre o registro do Profissional";"P,";"S";"9"
"48";"Desconto em Anuidade de Profissional";"S";;"N";NULL;;"0";;;"N";"9"
"49";"Certidão Específica de Georreferenciamento";"S";"S";"N";"Para inserção da atribuição de Georreferenciamento na ficha do profissional, o prazo é de 05 (cinco) dias úteis, após o deferimento do processo, podendo ser alterado caso seja solicitado providências adicionais ao Requerente ou se necessitar análise pelo Colegiado; e
Caso já possua atribuição de Georreferenciamento na ficha do profissional, o prazo é de 05 (cinco) dias úteis (atendimento presencial) e imediato (atendimento on line).";"S";"28";"Certidão Específica de Georreferenciamento";"P,";"S";"9"
"50";"Recadastramento de Instituição de Ensino e Cursos";"S";"S";"N";"Prazo; Variável.";;"0";;;"N";"9"
"51";"Diversos - Financeiro";"S";"S";"N";NULL;;"0";;;"N";"5015"
"52";"Termo de Confissão de Dívida - Financeiro";"S";"N";"N";"Imediato";;"27";;"P,E,L,";"N";"4"
"53";"Convênio de Repasse de ARTS";"S";;"N";NULL;;"0";;;"N";"5015"
"54";"Prestação de Contas de Convênios";"S";"S";"N";NULL;;"0";;;"N";"5015"
"55";"Suprimento de Fundos";"S";;"N";NULL;;"0";;;"N";"5015"
"56";"Diversos - Fiscalização";"S";"S";"N";NULL;;"0";;;"N";"2"
"57";"Relatório Matriz de Ocorrência";"S";"S";"N";NULL;"N";"0";;;"N";
"58";"Relatório de Ocorrência";"S";;"N";NULL;;"0";;;"N";
"61";"Diversos - Ouvidoria";"S";"S";"N";NULL;;"0";;;"N";"5003"
"62";"Inspeção Preventiva";"S";;"N";NULL;;"0";;;"N";"5003"
"63";"Relatório de Constatação";"S";"S";"N";NULL;;"0";;;"N";"5003"
"64";"Vistoria Cautelar";"N";"N";"N";NULL;;"0";;;"N";
"65";"Diversos - Administrativo";"S";"S";"N";NULL;;"0";;;"N";"14"
"66";"Carta Convite - Material de Expediente";"S";;"N";NULL;;"0";;;"N";"14"
"67";"Tomada de Preços";"S";"N";"N";NULL;"N";"0";;;"N";"14"
"68";"Leilão - Bens Inservíveis";"S";;"N";NULL;;"0";;;"N";"14"
"69";"Contratação Direta - Serviços";"S";;"N";NULL;;"0";;;"N";"14"
"70";"Contratação Direta - Aquisição";"S";"N";"N";NULL;"N";"0";;;"N";"14"
"71";"Contratação Direta - Manutenção";"S";;"N";NULL;;"0";;;"N";"14"
"72";"Contratação Direta - Diversos";"S";;"N";NULL;;"0";;;"N";"14"
"73";"Diversos - Tecnologia da Informação";"S";"S";"N";NULL;;"0";;;"N";"7"
"74";"Listagens/Etiquetas";"S";;"N";NULL;;"0";;;"N";"7"
"79";"Certidão de Registro e Quitação - Profissional";"S";"S";"N";"03 dias úteis (No caso de diligência a contagem do prazo reinicia após sanadas as pendências)";;"0";;;"N";"9"
"80";"Certidão de Registro e Quitação - Empresa";"S";"S";"N";"05 (cinco) dias úteis, quando por meio de atendimento presencial.";"N";"0";"Certidão de Registro e Quitação - Empresa";"E,";"N";"5098"
"81";"Cadastro ou Recadastramento de Instituição de Ensino";"N";"N";"N";"Prazo: Variável.";"N";"0";;;"N";"9"
"82";"Cadastro ou Recadastramento de Curso";"N";"N";"N";NULL;"N";"0";;;"N";
"83";"Diárias";"S";"N";"N";NULL;;"0";;;"N";"14"
"84";"Cadastro de Fornecedores";"S";"N";"N";NULL;;"0";;;"N";"5085"
"85";"Diversos - SIGCAM/SIGPLEN";"S";"S";"N";NULL;;"0";;;"N";
"86";"Cobrança de Anuidades";"S";"N";"N";NULL;"N";"0";;;"N";"5050"
"87";"Registro de Entidade de Classe/Instituição de Ensino para Indicação de Conselheiro";"S";"S";"N";NULL;;"0";;;"N";"9"
"88";"Revisão de registro de Entidade de Classe/Instituição de Ensino para indicação de conselheiro";"S";"S";"N";NULL;;"0";;;"N";"5003"
"91";"Assessoria de Relações Institucionais";"S";"S";"N";NULL;;"0";;;"N";
"92";"Assessoria de Entidades";"S";"S";"N";NULL;;"0";;;"N";"5089"
"93";"Assessoria de Planejamento";"S";"S";"N";NULL;;"0";;;"N";"5089"
"94";"Assessoria Parlamentar";"S";"S";"N";NULL;;"0";;;"N";
"95";"Assessoria de Engenharia e Agronomia Pública";"S";"S";"N";NULL;;"0";;;"N";"5089"
"96";"Diversos - Protocolo";"S";"S";"N";"Variável.";"S";"815";"SOLICITAÇÕES DIVERSAS em que não exista assunto com requerimento próprio para a solicitação que deseja enviar";"P,E,L,";"N";
"97";"Diversos - Presidência";"S";"S";"N";NULL;;"0";;;"N";
"98";"Solicitação - Ouvidoria";"S";"S";"N";NULL;;"0";;;"N";"5003"
"99";"Registro de ART com isenção de Taxa por Decisão Judicial p/ Servidores Públicos Estaduais";"S";"S";"N";NULL;;"0";;;"N";"11"
"100";"Conciliação";"S";"S";"N";NULL;"S";"841";"Conciliação";"P,L,";"N";"5003"
"101";"Exoneração de Cargo";"S";"N";"N";NULL;"N";"0";;;"N";
"102";"Estudo para Renovação do Terço";"S";"S";"N";NULL;"N";"0";;;"N";"5043"
"103";"Alteração de Dados Cadastrais";"S";"S";"N";"3 dias úteis";"S";"804";"Alteração de Dados Cadastrais (Nome, Filiação, Estado Civil, etc)";"P,";"N";"9"
"104";"Expedição de Carteira";"S";"S";"N";"30 (trinta) dias úteis para inserir na ficha do profissional Egresso de Instituição de Ensino cadastrada no Regional, podendo ser alterado caso seja solicitado providências adicionais ao Requerente ou se necessitar análise pelo Colegiado; e
Prazo variável para egressos de Instituições de Ensino localizadas em outros estados, sendo a Instituição cadastrada ou não em outros regionais.  ";"S";"808";"Fazer Registro no CREA-GO (Para profissionais que vão fazer seu primeiro registro)";"L,P";"N";"9"
"105";"Inspeção Preventiva Integrada";"S";"S";"N";NULL;"N";"0";;;"N";"5003"
"106";"Atualização de Capital Social via Receita Federal";"S";"N";"N";NULL;"N";"0";;;"N";"5098"
"107";"Atualização de endereço PJ via Receita Federal";"S";"N";"N";NULL;"N";"0";;;"N";"5098"
"108";"Apresentação de Defesa";"S";"S";"N";"Prazo: Variável";"S";"809";"Apresentação de Defesa proveniente de Comunicado/Auto de Infração";"P,E,L,";"N";"2"
"109";"Diversos - Assessoria Técnica";"S";"S";"N";NULL;"N";"0";;;"N";"5089"
"110";"Diversos - Departamento Técnico";"S";"S";"N";NULL;"N";"0";;;"N";"5069"
"111";"Fiscalização de Acobertamento";"S";"S";"N";NULL;"N";"0";;;"N";
"112";"Fiscalização de Acervo Técnico";"S";"S";"N";NULL;"N";"0";;;"N";"5069"
"113";"Apresentação de Diploma";"S";"S";"N";"30 (trinta) dias úteis para inserir na ficha do profissional egresso de Instituição de Ensino cadastrada no Regional, podendo ser alterado caso seja solicitado providências adicionais ao Requerente ou se necessitar análise pelo Colegiado; e
Prazo variável para egressos de Instituições de Ensino localizadas em outros estados, sendo a Instituição cadastradas ou não em outros regionais. ";"S";"813";"Apresentar o diploma/certificado e solicitar o registro definitivo de um curso já cadastrado anteriormente com validade provisória";"P,";"N";"9"
"114";"Alteração de Registro Nível Médio p/ Superior";"S";"S";"N";"30 (trinta) dias úteis para inserir na ficha do profissional egresso de Instituição de Ensino cadastrada no Regional, podendo ser alterado caso seja solicitado providências adicionais ao Requerente ou se necessitar análise pelo Colegiado; e
Prazo variável para egressos de Instituições de Ensino localizadas em outros estados, sendo a Instituição cadastradas ou não em outros regionais. ";"S";"814";"Alteração de Registro Nível Médio p/ Superior";"P,";"N";"9"
"115";"Fiscalização de Atividade Profissional";"S";"S";"N";NULL;"N";"0";;;"N";"5069"
"116";"Processo Eleitoral";"S";"S";"N";NULL;"N";"0";;;"N";"5100"
"117";"Inscrição em Processo Seletivo Simplificado";"S";"N";"N";NULL;"N";"816";"Realizar a inscrição do processo seletivo simplificado 2018";"P,L,";"N";
"118";"Fiscalização de Atestado";"N";"S";"N";NULL;"N";"0";;;"N";
"119";"Cadastramento de Instituição de Ensino";"S";"S";"N";NULL;"N";"0";;;"N";"9"
"120";"Recadastramento de Instituição de Ensino";"S";"S";"N";NULL;"N";"0";;;"N";"9"
"121";"Cadastramento de Cursos de Graduação";"S";"S";"N";NULL;"N";"0";;;"N";
"122";"Recadastramento de Cursos de Graduação";"S";"S";"N";NULL;"N";"0";;;"N";
"123";"Cadastramento de Cursos de Pós-graduação";"S";"S";"N";NULL;"N";"0";;;"N";
"124";"Recadastramento de Cursos de Pós-graduação";"S";"S";"N";NULL;"N";"0";;;"N";
"125";"Cancelamento de CAT";"S";"S";"N";NULL;"N";"0";;;"N";
"126";"Fiscalização da Atividade Profissional - Reativa";"S";"S";"N";NULL;"N";"0";;;"N";"5109"
"127";"Fiscalização da Atividade Profissional - Proativa";"S";"S";"N";NULL;"N";"0";;;"N";"5109"
"128";"Interrupção de Visto de Profissional";"N";"N";"N";"05 (cinco) dias úteis.";"N";"817";"Interrupção de Visto de Profissional";;"N";"9"
"129";"Chamamento Público";"S";"N";"N";NULL;"N";"0";;;"N";"14"
"130";"Concorrência";"S";"N";"N";NULL;"N";"0";;;"N";"5085"
"131";"Inscrição para Concurso Público Nacional";"S";"N";"N";NULL;"N";"819";"Realizar inscrição para Concurso Público Nacional para elaboração de Projeto Arquitetônico, para viabilizar a realização da 77ª SOEA - Semana Oficial da Engenharia e da Agronomia";"P,E,L,";"N";
"132";"Interrupção de Registro de Pessoa Jurídica";"S";"S";"N";NULL;"S";"824";"Interrupção de Registro de Pessoa Jurídica";"E,";"N";"5098"
"133";"Cadastramento de Polo";"S";"S";"N";NULL;"N";"0";;"L,";"N";"9"
"134";"Cadastramento de Curso em Polo";"S";"S";"N";NULL;"N";"0";;"L,";"N";"9"
"135";"Pregão Eletrônico";"S";"S";"N";NULL;"N";"0";;;"N";"5085"
"136";"Cancelamento de Registro Profissional a Pedido";"S";"N";"N";"03 (três) dias úteis";"S";"820";"Cancelamento de Registro Profissional a Pedido";"P,";"N";"9"
"137";"Cancelamento de Visto de Profissional a Pedido";"S";"N";"N";"03 (três) dias úteis";"S";"821";"Cancelamento de Visto de Profissional a Pedido";"P,";"N";"9"
"138";"BAIXA POR PESSOA JURIDICA DE RT";"S";"S";"N";NULL;"S";"827";"Baixa Por Pessoa Jurídica de RT";"E,";"N";"5098"
"139";"Inclusao de RT Por Pessoa Juridica";"S";"S";"N";NULL;"S";"826";"INCLUSAO DE RT POR PESSOA JURIDICA";"E,";"N";"5098"
"140";"Pregão Presencial";"S";"N";"N";NULL;"N";"0";;;"N";"14"
"141";"Reativação de Registro de Pessoa Jurídica";"S";"N";"N";"PRAZO PREVISTO: 05 (três) dias úteis, após o pagamento da ART de Cargo/Função, podendo ser alterado caso seja solicitado providências adicionais ao Requerente ou se necessitar análise pelo Colegiado";"S";"830";"Reativação de Registro de Pessoa Jurídica";"E,";"N";"5098"
"142";"Cadastro de Representante Legal da Pessoa Jurídica";"N";"N";"N";"PRAZO PREVISTO: 02 (dois) dias úteis podendo ser alterado caso seja solicitado providências adicionais ao Requerente ou se necessitar de consulta ao Colegiado.";"S";"184";"Cadastro de Representante Legal da Pessoa Jurídica";"P,L,";"N";"5098"
"143";"Alteração de Dados em Visto de Pessoa Jurídica";"S";"S";"N";"PRAZO PREVISTO: 03 (três) dias úteis, após o deferimento do processo, podendo ser alterado caso seja solicitado providências adicionais ao Requerente ou se necessitar de análise pelo Colegiado";"S";"831";"Alteração de Dados em Visto de Pessoa Jurídica";"E,";"N";"5098"
"144";"Termo de Reciprocidade Para Cadastramento de Processo";"S";"S";"N";NULL;"N";"28";;"P,";"N";"9"
"145";"Certidão de Visto de Pessoa Jurídica";"S";"S";"N";NULL;"S";"832";"Certidão de Visto de Pessoa Jurídica";"E,";"N";
"146";"Jeton";"S";"S";"N";NULL;;"0";"Solicitaçao de Jeton";;"N";"14"
"147";"Deslocamento";"S";"S";"N";NULL;;"0";"Solicitação de Deslocamento";;"N";"14"
"148";"Inclusão de RT a Pedido do Profissional";"S";"S";"N";"05 (cinco) dias úteis, após o pagamento da ART de Cargo/Função, podendo ser alterado caso seja solicitado providências adicionais ao Requerente ou se necessitar análise pelo Colegiado.";"N";"15";"Inclusão de Responsabilidade Técnica do quadro técnico de pessoa Jurídica";"P,";"N";"9"
"149";"Baixa de RT a Pedido do Profissional";"S";"S";"N";NULL;"N";"16";"Baixa de RT a Pedido do Profissional";"P,";"N";"9"
"150";"Inclusao de RT a Pedido da Empresa";"S";"S";"N";NULL;"S";"826";"Inclusao de RT a Pedido da Empresa";"E,";"N";"9"
"151";"Baixa de RT a Pedido da Empresa";"S";"S";"N";NULL;"S";"827";"Baixa de RT a Pedido da Empresa";"E,";"N";"9"
"152";"Devolução de Taxa - SOEA";"S";"N";"N";NULL;"N";"24";"Devolução de Taxa - SOEA";;"N";"5015"
"153";"Aditivo Contratual";"S";"N";"N";NULL;"N";"0";;;"N";"14"
"154";"Cadastro de Pessoa Juridica";"S";"S";"N";NULL;"S";"833";"Cadastro de Pessoa Juridica";"E,";"N";"5098"
"155";"Assistência Técnica";"S";"N";"N";NULL;"N";"0";;;"N";"5069"
"156";"Cancelamento de Registro de Pessoa Jurídica via Receita Federal";"S";"N";"N";NULL;"N";"0";;;"N";"5098"
"157";"Representantes - Assessoria Institucional/Interior";"S";"N";"N";NULL;"N";"0";;;"N";"5016"
"158";"Nomeação/Destituição de Inspetor - Assessoria Institucional/Interior";"S";"N";"N";NULL;"N";"0";;;"N";"5016"
"159";"Solicitações das Inspetorias - Assessoria Institucional/Interior";"S";"N";"N";NULL;"N";"0";;;"N";"5016"
"160";"Cadastro de Projeto de Concessão de Patrocínio";"S";"S";"N";"Variável";"S";"834";"Cadastro de Projeto de Concessão de Patrocínio";"E,";"N";"5089"
"161";"Contratação de Estagiários";"S";"N";"N";NULL;"N";"0";;;"N";"5027"
"162";"Diversos - Área de Pessoal";"S";"N";"N";NULL;;"0";;;"N";"5027"
"163";"Certidão Específica - Sem Registro";"S";"N";"N";NULL;"S";"835";"Certidão específica para determinada finalidade";"L,";"N";"9"
"164";"Certidão de Acervo Operacional";"S";"S";"N";NULL;"S";"836";"Certidão de Acervo Operacional - Empresa";"E,";"N";
"165";"Alteração PCA - Ano Execução";"S";"N";"N";NULL;;"0";;;"N";"5085"
"166";"Convênio";"S";"S";"N";NULL;"N";"0";;;"N";"5057"
"167";"Acordo de Cooperação";"S";"S";"N";NULL;"N";"0";;;"N";"5057"
"168";"Acordo de Cooperação Técnica";"S";"S";"N";NULL;"N";"0";;;"N";"5057"
"169";"Diversos - Parcerias e Convênios";"S";"S";"N";NULL;"N";"0";;;"N";"5057"
"170";"Alteração PCA - Ano Elaboração";"S";"N";"N";NULL;;"0";;;"N";"5085"
"171";"Plano de Contratações Anual";"S";"N";"N";NULL;;"0";;;"N";"5085"
"172";"Alteração de dado cadastral de contato";"S";"N";"N";NULL;"N";"0";;"P,";"N";
"173";"Liberação de ART Cargo/Função";"S";"S";"N";NULL;"N";"0";"Liberação de ART Cargo/Função";"P,";"N";"11"
"174";"LGPD - Requisições";"S";"N";"N";"Variável";"S";"837";"SOLICITAÇÕES DIVERSAS vinculadas à Lei Geral de Proteção de Dados (Lei 13.709/2018 - LGPD) que não se relacione diretamente ao usuário e titular de dados pessoais";"P,E,L,";"N";"5067"
"175";"Requisições LGPD Titular";"S";"N";"N";"15 (quinze) dias úteis, podendo ser prorrogado caso seja solicitado providências adicionais ao Requerente ou necessite de uma análise mais criteriosa, desde que devidamente justificado";"S";"838";"SOLICITAÇÕES vinculadas à Lei Geral de Proteção de Dados (Lei 13.709/2018 - LGPD) no que diz respeito ao direito do titular, de acordo com o art. 18 da LGPD";"P,E,L,";"N";
"176";"Financeiro - IR Fornecedor";"S";"S";"N";NULL;"N";"0";;;"N";"5015"
"177";"Financeiro - IR Alugueis";"S";"S";"N";NULL;"N";"0";;;"N";"5015"
"178";"Financeiro - ISSQN";"S";"S";"N";NULL;"N";"0";;;"N";"5015"
"179";"Financeiro - INSS";"S";"S";"N";NULL;"N";"0";;;"N";"5015"
"180";"Financeiro - Resgate de Depósitos Judiciais";"S";"S";"N";NULL;"N";"0";;;"N";"5015"
"181";"Proposta Orçamentária";"S";"S";"N";NULL;"N";"0";;;"N";"13"
"182";"Proposta de Reformulação Orçamentária";"S";"S";"N";NULL;"N";"0";;;"N";"13"
"183";"Proposta de Transposição Orçamentaria";"S";"S";"N";NULL;"N";"0";;;"N";"13"
"184";"Prestação de Contas Mensais";"S";"S";"N";NULL;"N";"0";;;"N";"13"
"185";"Prestação de Contas do Exercício";"S";"S";"N";NULL;"N";"0";;;"N";"13"
"186";"Diversos - Contabilidade";"S";"S";"N";NULL;"N";"0";;;"N";"13"
"187";"Certidão Negativa de Obras/Serviços Em Andamento";"S";"N";"N";"05 (cinco) dias úteis.";"S";"839";"Certidão Negativa de Obras/Serviços Em Andamento";"P,E,";"N";"11"
"188";"Pagamento de emolumentos cartorários";"S";"N";"N";NULL;"N";"0";;;"N";"4"
"189";"Patrocínio - Cadastro do Responsável Pelo Projeto";"N";"N";"N";"PRAZO PREVISTO: 02 (dois) dias úteis podendo ser alterado caso seja solicitado providências adicionais ao Requerente ou se necessitar de consulta ao Colegiado.";"N";"840";"Patrocínio - Cadastro do Responsável Pelo Projeto";"P,L,";"N";
"190";"Contratação Direta - Dispensa";"S";"N";"N";NULL;"N";"0";;;"N";"5085"
"191";"Contratação Direta - Inexigibilidade";"S";"N";"N";NULL;"N";"0";;;"N";"5085"
"192";"Leilão";"S";"N";"N";NULL;"N";"0";;;"N";"5085"
"193";"Processo Sancionador - Lei 14.133/2021";"S";"N";"N";NULL;"N";"0";;;"N";"5085"
"194";"Renovação do Terço do Plenário";"S";"S";"N";NULL;"N";"0";;;"N";"5043"
"195";"Revisão anual";"S";"S";"N";NULL;"N";"0";;;"N";"5043"
"196";"Diversos - Assessoria de Apoio às Inspetorias";"S";"N";"N";NULL;"N";"0";;;"N";"5016"
"197";"Credenciamento";"S";"N";"N";NULL;"N";"0";;;"N";"5085"
"198";"Sistema de Registro de Preços";"S";"N";"N";NULL;"N";"0";;;"N";"5085"
"199";"Contratação Direta - Dispensa Eletrônica";"S";"N";"N";NULL;"N";"0";;;"N";"5085"
"200";"Diálogo Competitivo";"S";"N";"N";NULL;"N";"0";;;"N";"5085"
"201";"Infrações em veículos";"S";"N";"N";NULL;"N";"0";;;"N";"14"
"202";"Nomeação/Destituição de Representante Municipal do Crea-GO - Assessoria Institucional/Interior";"S";"N";"N";NULL;"N";"0";;;"N";"5016"
"203";"Depósitos Cartorários";"S";"N";"N";NULL;"N";"0";;;"N";"5015"
"204";"Registro Profissional/Expedição de Carteira - Registro Único";"S";"S";"N";NULL;"S";"844";"Fazer Registro no CREA-GO (Para profissionais que vão fazer seu primeiro registro pelo RU)";"E,";"N";"5098"
"205";"Visto em Registro de Profissional - RU";"N";"S";"N";"1 (hum) dia útil";"S";"843";"Efetivar Visto de Profissional com origem em outro CREA via Registro Único";"P,L,";"N";"9"
"206";"Diversos - Área de Pessoal - INSS";"S";"N";"N";NULL;"N";"0";;;"N";"5027"
"207";"Diversos - Área de Pessoal - IRRF";"S";"N";"N";NULL;"N";"0";;;"N";"5027"
"208";"Diversos - Área de Pessoal - FGTS";"S";"N";"N";NULL;"N";"0";;;"N";"5027"
"209";"Diversos - Área de Pessoal - PIS/PASEP";"S";"N";"N";NULL;"N";"0";;;"N";"5027"
"210";"Diversos - Área de Pessoal - FOLHA MENSAL";"S";"N";"N";NULL;"N";"0";;;"N";"5027"
"211";"Diversos - Área de Pessoal - FERIAS";"S";"N";"N";NULL;"N";"0";;;"N";"5027"
"212";"Diversos - Área de Pessoal - BANCO BRASIL";"S";"N";"N";NULL;"N";"0";;;"N";"5027"
"213";"Diversos - Área de Pessoal - SENGE";"S";"N";"N";NULL;"N";"0";;;"N";"5027"
"214";"Diversos - Área de Pessoal - SINDECOF";"S";"N";"N";NULL;"N";"0";;;"N";"5027"
"215";"Diversos - Área de Pessoal - ASCREAGO";"S";"N";"N";NULL;"N";"0";;;"N";"5027"
"216";"Diversos - Área de Pessoal - MUTUA";"S";"N";"N";NULL;"N";"0";;;"N";"5027"
"217";"Diversos - Área de Pessoal - PENSAO ALIMENTICIA";"S";"N";"N";NULL;"N";"0";;;"N";"5027"
"218";"Cadastro de Consórcio";"S";"N";"N";NULL;"S";"845";"Cadastro de Consórcio";"E,";"N";"5098"
"219";"Proposta de Remanejamento Orçamentário";"S";"S";"N";NULL;"N";"0";;;"N";"13"
