"Codigo","Descricao","Prazo_Corrente","Prazo_Intermediario","Destinacao","Palavras_Chave"
"100","NORMATIZAÇÃO. REGULAMENTAÇÃO. ORIENTAÇÃO TÉCNICA.","","","(CLASSE - ver subgrupos)","normatização;regulamentação;orientação técnica;normas"
"101","CONSULTAS SOBRE NORMAS E REGULAMENTOS","01 ano","05 anos","Eliminação","consultas;normas;regulamentos;orientação;dúvida"
"110","FORMULAÇÃO DE NORMAS E REGULAMENTOS FINALÍSTICOS","","","(SUBCLASSE - ver grupos 111 e 112)","formulação;normas;regulamentos"
"111","ELABORAÇÃO E REVISÃO DE NORMAS","Até a finalização/aprovação da norma","10 anos","Eliminação","elaboração;revisão;normas;regulamento;atas;reunião"
"112","APROVAÇÃO E HOMOLOGAÇÃO DE NORMAS","01 ano","Enquanto vigora","Guarda Permanente","aprovação;homologação;normas;vigência;resolução"
"120","ACOMPANHAMENTO DE PROPOSIÇÕES LEGAIS, INFRALEGAIS E POLÍTICAS","","","(SUBCLASSE - ver grupos 121 e 122)","proposições;legais;infralegais;políticas"
"121","MONITORAMENTO DAS PROPOSIÇÕES LEGAIS E INFRALEGAIS","Enquanto tramita","04 anos","Eliminação","monitoramento;proposições;legais;infralegais;tramitação"
"122","ARTICULAÇÕES POLÍTICAS","04 anos","10 anos","Eliminação","articulações;políticas;acordo;cooperação;convênio;parceria;termo;protocolo"
"200","HABILITAÇÃO E GESTÃO DO EXERCÍCIO PROFISSIONAL","","","(CLASSE - ver subgrupos)","habilitação;gestão;exercício;profissional"
"201","PLANEJAMENTO E AVALIAÇÃO","04 anos","10 anos","Guarda Permanente","planejamento;avaliação;habilitação"
"202","AUDITORIA DA HABILITAÇÃO","02 anos","10 anos","Guarda Permanente","auditoria;habilitação;verificação"
"203","CADASTRAMENTO DE INSTITUIÇÕES DE ENSINO E CURSOS","Enquanto existir a instituição/curso","05 anos após a extinção","Eliminação","cadastramento;instituição;ensino;cursos;escola;faculdade;recadastramento"
"210","HABILITAÇÃO DO PROFISSIONAL","","","(SUBCLASSE - ver grupos 211, 212, 212.1, 212.2, 212.3)","habilitação;profissional;registro"
"211","EXAME DE EQUALIZAÇÃO E HABILITAÇÃO","","","(GRUPO - ver 211.1, 211.2, 211.3)","exame;equalização;habilitação"
"211.1","PLANEJAMENTO DO EXAME","02 anos","05 anos","Guarda Permanente","planejamento;exame;equalização;habilitação"
"211.2","APLICAÇÃO DE PROVA","01 ano","04 anos","Eliminação","aplicação;prova;exame;equalização"
"211.3","RESULTADOS E RECURSOS DO EXAME","01 ano","50 anos","Guarda Permanente","resultados;recursos;exame;habilitação;recurso"
"212","GERENCIAMENTO DO REGISTRO PROFISSIONAL","","","(GRUPO - ver 212.1, 212.2, 212.3)","gerenciamento;registro;profissional"
"212.1","SOLICITAÇÃO DE REGISTRO. ALTERAÇÃO CADASTRAL. EXTENSÃO DE ATRIBUIÇÃO","Enquanto o registro estiver ativo","15 anos","Eliminação","solicitação;registro;alteração;cadastral;extensão;atribuição;profissional;inscrição;PF;pessoa física"
"212.2","VERIFICAÇÃO DE PARTICIPAÇÃO EM ATIVIDADES DE DESENVOLVIMENTO PROFISSIONAL E EDUCAÇÃO CONTINUADA","02 anos","10 anos","Eliminação","verificação;participação;desenvolvimento;educação;continuada;curso"
"212.3","CANCELAMENTO TEMPORÁRIO OU DEFINITIVO DE REGISTRO PROFISSIONAL","Até a conclusão do processo","15 anos","Eliminação","cancelamento;temporário;definitivo;registro;profissional;suspensão"
"220","HABILITAÇÃO DE PESSOA JURÍDICA","","","(SUBCLASSE - ver grupos 221, 221.1, 221.2)","habilitação;pessoa jurídica;empresa;PJ"
"221","GERENCIAMENTO DE REGISTRO DE PESSOA JURÍDICA","","","(GRUPO - ver 221.1 e 221.2)","gerenciamento;registro;pessoa jurídica;empresa;PJ"
"221.1","SOLICITAÇÃO DE REGISTRO. ALTERAÇÕES CADASTRAIS. ALTERAÇÕES DE ATIVIDADES DE PESSOA JURÍDICA","Enquanto o registro estiver ativo","15 anos","Eliminação","solicitação;registro;alterações;cadastrais;atividades;pessoa jurídica;empresa;visto;PJ"
"221.2","CANCELAMENTO TEMPORÁRIO OU DEFINITIVO DE REGISTRO DE PESSOA JURÍDICA","Até a conclusão do processo","15 anos","Eliminação","cancelamento;temporário;definitivo;registro;pessoa jurídica;empresa;PJ"
"230","CONTROLE E MONITORAMENTO DA HABILITAÇÃO PROFISSIONAL","","","(SUBCLASSE - ver grupos 231 e 232)","controle;monitoramento;habilitação;profissional"
"231","GESTÃO DO CADASTRO NACIONAL E REGIONAL","Enquanto o registro estiver ativo","Observar 100 anos (Lei 12.527/2011)","Guarda Permanente","gestão;cadastro;nacional;regional;dados pessoais;LGPD;100 anos"
"232","EXPEDIÇÃO E CONTROLE DE DOCUMENTOS DE IDENTIFICAÇÃO PROFISSIONAL","01 ano","05 anos","Eliminação","expedição;controle;documentos;identificação;carteira;cédula;crachá;carteira definitiva;carteira provisória"
"240","REGISTRO E CONTROLE DA ATIVIDADE OU RESPONSABILIDADE TÉCNICA E OBRA INTELECTUAL","","","(SUBCLASSE - ver grupos 241, 242, 243, 244)","registro;controle;atividade;responsabilidade técnica;ART;obra"
"241","SOLICITAÇÃO E EMISSÃO DE RESPONSABILIDADE OU ATIVIDADE TÉCNICA","Enquanto vigora","06 anos (52 anos para fins previdenciários)","Eliminação","solicitação;emissão;responsabilidade técnica;atividade técnica;ART;carga horária;análise ART"
"242","AFASTAMENTO TEMPORÁRIO DE RESPONSABILIDADE TÉCNICA","01 ano","06 anos","Eliminação","afastamento;temporário;ART;responsabilidade técnica"
"243","DESLIGAMENTO E BAIXA DE RESPONSABILIDADE TÉCNICA","","","(GRUPO - ver 243.1, 243.2, 243.3)","desligamento;baixa;responsabilidade técnica;ART"
"243.1","SOLICITAÇÃO DE BAIXA DE RESPONSABILIDADE TÉCNICA","01 ano","06 anos","Eliminação","solicitação;baixa;ART;responsabilidade técnica;RT"
"243.2","SOLICITAÇÃO DE CANCELAMENTO. NULIDADE DE RESPONSABILIDADE TÉCNICA","01 ano","06 anos","Eliminação","cancelamento;nulidade;ART;responsabilidade técnica"
"243.3","AVERIGUAÇÃO DA CONCLUSÃO DO SERVIÇO","01 ano","06 anos","Guarda Permanente","averiguação;conclusão;serviço;ART;fiscalização"
"244","REGISTRO DE OBRA INTELECTUAL","01 ano","* (ver legislação de direito autoral)","Guarda Permanente","registro;obra intelectual;direito autoral;produção científica"
"250","COMPROVAÇÃO DO EXERCÍCIO PROFISSIONAL","","","(SUBCLASSE - ver grupos 251, 252, 253)","comprovação;exercício;profissional;acervo técnico"
"251","SOLICITAÇÃO DE ACERVO TÉCNICO","01 ano","20 anos","Eliminação","solicitação;acervo técnico;CAT;comprovação;atestado;certidão acervo"
"252","INCORPORAÇÃO DE ATIVIDADES DESENVOLVIDAS NO EXTERIOR","01 ano","20 anos","Eliminação","incorporação;atividades;exterior;profissional"
"253","CANCELAMENTO DO ACERVO TÉCNICO","01 ano","05 anos","Eliminação","cancelamento;acervo técnico;CAT"
"300","FISCALIZAÇÃO","","","(CLASSE - ver subgrupos)","fiscalização;fiscalizar"
"301","PLANEJAMENTO E AVALIAÇÃO DA FISCALIZAÇÃO","04 anos","10 anos","Guarda Permanente","planejamento;avaliação;fiscalização;programa"
"302","AUDITORIA DA FISCALIZAÇÃO","02 anos","10 anos","Guarda Permanente","auditoria;fiscalização;controle"
"310","VERIFICAÇÃO DE CONFORMIDADE","","","(SUBCLASSE - ver grupos 311 e 312)","verificação;conformidade;fiscalização;inspeção;vistoria"
"311","INSPEÇÃO PERIÓDICA","01 ano","05 anos","Eliminação","inspeção;periódica;fiscalização;auto de infração;vistoria;verificação"
"312","APURAÇÃO DE DENÚNCIA","01 ano","05 anos","Eliminação","apuração;denúncia;fiscalização;irregularidade;infração;reclamação"
"320","INSTRUÇÃO, JULGAMENTO E APLICAÇÃO DE PENALIDADE","","","(SUBCLASSE - ver grupos 321 e 322)","instrução;julgamento;penalidade;processo ético;disciplinar;sanção"
"321","DESCUMPRIMENTO ÀS NORMAS ÉTICAS","Até a conclusão administrativa ou trânsito em julgado","20 anos","Guarda Permanente","descumprimento;normas éticas;processo ético;penalidade;sanção;infração ética;código de ética"
"322","DESCUMPRIMENTO DE OUTROS DISPOSITIVOS LEGAIS","Até a conclusão administrativa ou trânsito em julgado","06 anos","Eliminação","descumprimento;dispositivos legais;infração;penalidade;auto;notificação"
"400","DESENVOLVIMENTO E VALORIZAÇÃO PROFISSIONAL","","","(CLASSE - ver subgrupos)","desenvolvimento;valorização;profissional"
"401","PLANEJAMENTO E AVALIAÇÃO ANUAL DE DESENVOLVIMENTO PROFISSIONAL","04 anos","10 anos","Guarda Permanente","planejamento;avaliação;desenvolvimento;profissional"
"402","AUDITORIA DE DESENVOLVIMENTO E VALORIZAÇÃO PROFISSIONAL","02 anos","10 anos","Guarda Permanente","auditoria;desenvolvimento;valorização;profissional"
"403","CREDENCIAMENTO DE PROFISSIONAIS E INSTITUIÇÕES","Até o cancelamento do credenciamento","10 anos","Eliminação","credenciamento;profissionais;instituições;cadastro;credencial"
"410","PROMOÇÃO DE ATIVIDADE DE CAPACITAÇÃO PROFISSIONAL","","","(SUBCLASSE - ver grupos 411 e 412)","promoção;capacitação;profissional;treinamento;educação"
"411","ORGANIZAÇÃO E AVALIAÇÃO DE CAPACITAÇÃO PROFISSIONAL","02 anos","10 anos","Guarda Permanente","organização;avaliação;capacitação;profissional;treinamento;planejamento"
"412","EXECUÇÃO DE CAPACITAÇÃO PROFISSIONAL","01 ano","01 ano","Eliminação","execução;capacitação;profissional;evento;curso;palestra"
"420","APOIO E FOMENTO PARA DESENVOLVIMENTO PROFISSIONAL","","","(SUBCLASSE - ver grupos 421, 422, 423)","apoio;fomento;desenvolvimento;profissional;curso;qualificação"
"421","CADASTRAMENTO E APOIO DE CURSOS DE QUALIFICAÇÃO PROFISSIONAL","Até a aprovação das contas pelo Tribunal de Contas","05 anos a contar da aprovação das contas","Eliminação","cadastramento;apoio;cursos;qualificação;profissional;capacitação"
"422","APOIO A CURSOS E EVENTOS DE DESENVOLVIMENTO PROFISSIONAL","Até a aprovação das contas pelo Tribunal de Contas","05 anos a contar da aprovação das contas","Eliminação","apoio;cursos;eventos;desenvolvimento;profissional;seminário;congresso"
"423","APOIO À PRODUÇÃO TÉCNICO-CIENTÍFICA DA PROFISSÃO REGULAMENTADA","Até a aprovação das contas pelo Tribunal de Contas","05 anos a contar da aprovação das contas","Eliminação","apoio;produção;técnico-científica;profissão regulamentada;publicação;pesquisa"
"430","AÇÕES DE VALORIZAÇÃO PROFISSIONAL","","","(SUBCLASSE - ver grupos 431 e 432)","ações;valorização;profissional;campanhas;prêmios"
"431","REALIZAÇÃO DE CAMPANHAS INSTITUCIONAIS","01 ano","15 anos","Guarda Permanente","campanhas;institucionais;valorização;profissional;divulgação;publicidade"
"432","PREMIAÇÕES","02 anos","10 anos","Guarda Permanente","premiações;prêmio;valorização;profissional;distinção"
